{"learning_rate": 0.00984251175330158, "n_estimators": 148, "lambda_l1": 3.919318156878884e-05, "lambda_l2": 6.350871207333803e-07, "num_leaves": 344, "max_depth": 15, "feature_fraction": 0.33219607427037423, "bagging_fraction": 0.18598793847432893, "bagging_freq": 15, "min_child_samples": 26, "subsample": 0.3539486074992789, "colsample_bytree": 0.7914285411965066, "reg_alpha": 0.7979233971149834, "reg_lambda": 5.440371984004161}